{
  "Aatrox": 569,
  "Ahri": 570,
  "Akali": 571,
  "Akshan": 572,
  "Alistar": 573,
  "Ambessa": 574,
  "Amumu": 575,
  "Anivia": 576,
  "Annie": 577,
  "Aphelios": 578,
  "Ashe": 579,
  "Aurelion Sol": 580,
  "Aurora": 581,
  "Azir": 582,
  "Bard": 583,
  "Bel'Veth": 584,
  "Blitzcrank": 585,
  "Brand": 586,
  "Braum": 587,
  "Briar": 588,
  "Caitlyn": 589,
  "Camille": 590,
  "Cassiopeia": 591,
  "Cho'Gath": 592,
  "Corki": 593,
  "Darius": 594,
  "Diana": 595,
  "Dr. Mundo": 596,
  "Draven": 597,
  "Ekko": 598,
  "Elise": 599,
  "Evelynn": 600,
  "Ezreal": 601,
  "Fiddlesticks": 602,
  "Fiora": 603,
  "Fizz": 604,
  "Galio": 605,
  "Gangplank": 606,
  "Garen": 607,
  "Gnar": 608,
  "Gragas": 609,
  "Graves": 610,
  "Gwen": 611,
  "Hecarim": 612,
  "Heimerdinger": 613,
  "Hwei": 614,
  "Illaoi": 615,
  "Irelia": 616,
  "Ivern": 617,
  "Janna": 618,
  "Jarvan IV": 619,
  "Jax": 620,
  "Jayce": 621,
  "Jhin": 622,
  "Jinx": 623,
  "K'Sante": 624,
  "Kai'Sa": 625,
  "Kalista": 626,
  "Karma": 627,
  "Karthus": 628,
  "Kassadin": 629,
  "Katarina": 630,
  "Kayle": 631,
  "Kayn": 632,
  "Kennen": 633,
  "Kha'Zix": 634,
  "Kindred": 635,
  "Kled": 636,
  "Kog'Maw": 637,
  "LeBlanc": 638,
  "Lee Sin": 639,
  "Leona": 640,
  "Lillia": 641,
  "Lissandra": 642,
  "Lucian": 643,
  "Lulu": 644,
  "Lux": 645,
  "Malphite": 646,
  "Malzahar": 647,
  "Maokai": 648,
  "Master Yi": 649,
  "Mel": 650,
  "Milio": 651,
  "Miss Fortune": 652,
  "Mordekaiser": 653,
  "Morgana": 654,
  "Naafiri": 655,
  "Nami": 656,
  "Nasus": 657,
  "Nautilus": 658,
  "Neeko": 659,
  "Nidalee": 660,
  "Nilah": 661,
  "Nocturne": 662,
  "Nunu & Willump": 663,
  "Olaf": 664,
  "Orianna": 665,
  "Ornn": 666,
  "Pantheon": 667,
  "Poppy": 668,
  "Pyke": 669,
  "Qiyana": 670,
  "Quinn": 671,
  "Rakan": 672,
  "Rammus": 673,
  "Rek'Sai": 674,
  "Rell": 675,
  "Renata Glasc": 676,
  "Renekton": 677,
  "Rengar": 678,
  "Riven": 679,
  "Rumble": 680,
  "Ryze": 681,
  "Samira": 682,
  "Sejuani": 683,
  "Senna": 684,
  "Seraphine": 685,
  "Sett": 686,
  "Shaco": 687,
  "Shen": 688,
  "Shyvana": 689,
  "Singed": 690,
  "Sion": 691,
  "Sivir": 692,
  "Skarner": 693,
  "Smolder": 694,
  "Sona": 695,
  "Soraka": 696,
  "Swain": 697,
  "Sylas": 698,
  "Syndra": 699,
  "Tahm Kench": 700,
  "Taliyah": 701,
  "Talon": 702,
  "Taric": 703,
  "Teemo": 704,
  "Thresh": 705,
  "Tristana": 706,
  "Trundle": 707,
  "Tryndamere": 708,
  "Twisted Fate": 709,
  "Twitch": 710,
  "Udyr": 711,
  "Urgot": 712,
  "Varus": 713,
  "Vayne": 714,
  "Veigar": 715,
  "Vel'Koz": 716,
  "Vex": 717,
  "Vi": 718,
  "Viego": 719,
  "Viktor": 720,
  "Vladimir": 721,
  "Volibear": 722,
  "Warwick": 723,
  "Wukong": 724,
  "Xayah": 725,
  "Xerath": 726,
  "Xin Zhao": 727,
  "Yasuo": 728,
  "Yone": 729,
  "Yorick": 730,
  "Yunara": 731,
  "Yuumi": 732,
  "Zaahen": 733,
  "Zac": 734,
  "Zed": 735,
  "Zeri": 736,
  "Ziggs": 737,
  "Zilean": 738,
  "Zoe": 739,
  "Zyra": 740
}