{
  "569": "Aatrox",
  "570": "Ahri",
  "571": "Akali",
  "572": "Akshan",
  "573": "Alistar",
  "574": "Ambessa",
  "575": "Amumu",
  "576": "Anivia",
  "577": "Annie",
  "578": "Aphelios",
  "579": "Ashe",
  "580": "Aurelion Sol",
  "581": "Aurora",
  "582": "Azir",
  "583": "Bard",
  "584": "Bel'Veth",
  "585": "Blitzcrank",
  "586": "Brand",
  "587": "Braum",
  "588": "Briar",
  "589": "Caitlyn",
  "590": "Camille",
  "591": "Cassiopeia",
  "592": "Cho'Gath",
  "593": "Corki",
  "594": "Darius",
  "595": "Diana",
  "596": "Dr. Mundo",
  "597": "Draven",
  "598": "Ekko",
  "599": "Elise",
  "600": "Evelynn",
  "601": "Ezreal",
  "602": "Fiddlesticks",
  "603": "Fiora",
  "604": "Fizz",
  "605": "Galio",
  "606": "Gangplank",
  "607": "Garen",
  "608": "Gnar",
  "609": "Gragas",
  "610": "Graves",
  "611": "Gwen",
  "612": "Hecarim",
  "613": "Heimerdinger",
  "614": "Hwei",
  "615": "Illaoi",
  "616": "Irelia",
  "617": "Ivern",
  "618": "Janna",
  "619": "Jarvan IV",
  "620": "Jax",
  "621": "Jayce",
  "622": "Jhin",
  "623": "Jinx",
  "624": "K'Sante",
  "625": "Kai'Sa",
  "626": "Kalista",
  "627": "Karma",
  "628": "Karthus",
  "629": "Kassadin",
  "630": "Katarina",
  "631": "Kayle",
  "632": "Kayn",
  "633": "Kennen",
  "634": "Kha'Zix",
  "635": "Kindred",
  "636": "Kled",
  "637": "Kog'Maw",
  "638": "LeBlanc",
  "639": "Lee Sin",
  "640": "Leona",
  "641": "Lillia",
  "642": "Lissandra",
  "643": "Lucian",
  "644": "Lulu",
  "645": "Lux",
  "646": "Malphite",
  "647": "Malzahar",
  "648": "Maokai",
  "649": "Master Yi",
  "650": "Mel",
  "651": "Milio",
  "652": "Miss Fortune",
  "653": "Mordekaiser",
  "654": "Morgana",
  "655": "Naafiri",
  "656": "Nami",
  "657": "Nasus",
  "658": "Nautilus",
  "659": "Neeko",
  "660": "Nidalee",
  "661": "Nilah",
  "662": "Nocturne",
  "663": "Nunu & Willump",
  "664": "Olaf",
  "665": "Orianna",
  "666": "Ornn",
  "667": "Pantheon",
  "668": "Poppy",
  "669": "Pyke",
  "670": "Qiyana",
  "671": "Quinn",
  "672": "Rakan",
  "673": "Rammus",
  "674": "Rek'Sai",
  "675": "Rell",
  "676": "Renata Glasc",
  "677": "Renekton",
  "678": "Rengar",
  "679": "Riven",
  "680": "Rumble",
  "681": "Ryze",
  "682": "Samira",
  "683": "Sejuani",
  "684": "Senna",
  "685": "Seraphine",
  "686": "Sett",
  "687": "Shaco",
  "688": "Shen",
  "689": "Shyvana",
  "690": "Singed",
  "691": "Sion",
  "692": "Sivir",
  "693": "Skarner",
  "694": "Smolder",
  "695": "Sona",
  "696": "Soraka",
  "697": "Swain",
  "698": "Sylas",
  "699": "Syndra",
  "700": "Tahm Kench",
  "701": "Taliyah",
  "702": "Talon",
  "703": "Taric",
  "704": "Teemo",
  "705": "Thresh",
  "706": "Tristana",
  "707": "Trundle",
  "708": "Tryndamere",
  "709": "Twisted Fate",
  "710": "Twitch",
  "711": "Udyr",
  "712": "Urgot",
  "713": "Varus",
  "714": "Vayne",
  "715": "Veigar",
  "716": "Vel'Koz",
  "717": "Vex",
  "718": "Vi",
  "719": "Viego",
  "720": "Viktor",
  "721": "Vladimir",
  "722": "Volibear",
  "723": "Warwick",
  "724": "Wukong",
  "725": "Xayah",
  "726": "Xerath",
  "727": "Xin Zhao",
  "728": "Yasuo",
  "729": "Yone",
  "730": "Yorick",
  "731": "Yunara",
  "732": "Yuumi",
  "733": "Zaahen",
  "734": "Zac",
  "735": "Zed",
  "736": "Zeri",
  "737": "Ziggs",
  "738": "Zilean",
  "739": "Zoe",
  "740": "Zyra"
}