{
  "[PAD]": 0,
  "[START]": 1,
  "[END]": 2,
  "[SEP]": 3,
  "BLUE_BAN": 4,
  "RED_BAN": 5,
  "BLUE_PICK": 6,
  "RED_PICK": 7,
  "ROLE_TOP": 8,
  "ROLE_JUNGLE": 9,
  "ROLE_MID": 10,
  "ROLE_BOT": 11,
  "ROLE_SUPPORT": 12,
  "ROLE_UNKNOWN": 13,
  "CLASS_ASSASSIN": 14,
  "CLASS_FIGHTER": 15,
  "CLASS_MAGE": 16,
  "CLASS_MARKSMAN": 17,
  "CLASS_SUPPORT": 18,
  "CLASS_TANK": 19,
  "CLASS_UNKNOWN": 20,
  "STEP_1": 21,
  "STEP_2": 22,
  "STEP_3": 23,
  "STEP_4": 24,
  "STEP_5": 25,
  "STEP_6": 26,
  "STEP_7": 27,
  "STEP_8": 28,
  "STEP_9": 29,
  "STEP_10": 30,
  "STEP_11": 31,
  "STEP_12": 32,
  "STEP_13": 33,
  "STEP_14": 34,
  "STEP_15": 35,
  "STEP_16": 36,
  "STEP_17": 37,
  "STEP_18": 38,
  "STEP_19": 39,
  "STEP_20": 40,
  "TEAM_100_Thieves": 41,
  "TEAM_Anyone's_Legend": 42,
  "TEAM_BILIBILI_GAMING_DREAMSMART": 43,
  "TEAM_BNK_FearX": 44,
  "TEAM_Beijing_JDG_Intel_Esports": 45,
  "TEAM_Beijing_JDG_Intel_Esports_Club": 46,
  "TEAM_Bilibili_Gaming": 47,
  "TEAM_Cloud9": 48,
  "TEAM_Cloud9_Kia": 49,
  "TEAM_DN_FREECS": 50,
  "TEAM_DRX": 51,
  "TEAM_Dignitas": 52,
  "TEAM_Disguised": 53,
  "TEAM_Dplus_KIA": 54,
  "TEAM_FURIA": 55,
  "TEAM_FearX": 56,
  "TEAM_Fluxo": 57,
  "TEAM_Fluxo_W7M": 58,
  "TEAM_FlyQuest": 59,
  "TEAM_Fnatic": 60,
  "TEAM_FunPlus_Phoenix": 61,
  "TEAM_G2_Esports": 62,
  "TEAM_GIANTX": 63,
  "TEAM_Gen.G": 64,
  "TEAM_Gen.G_Esports": 65,
  "TEAM_Hangzhou_LGD_Gaming": 66,
  "TEAM_Hanwha_Life_Esports": 67,
  "TEAM_Immortals_Progressive": 68,
  "TEAM_Invictus_Gaming": 69,
  "TEAM_Isurus": 70,
  "TEAM_Isurus_Estral": 71,
  "TEAM_KT_Rolster": 72,
  "TEAM_KWANGDONG_FREECS": 73,
  "TEAM_Karmine_Corp": 74,
  "TEAM_LEVIAT\u00c1N": 75,
  "TEAM_LGD_Gaming": 76,
  "TEAM_LOUD": 77,
  "TEAM_LYON": 78,
  "TEAM_Leviat\u00e1n_Esports": 79,
  "TEAM_MAD_Lions": 80,
  "TEAM_MAD_Lions_KOI": 81,
  "TEAM_Movistar_KOI": 82,
  "TEAM_NONGSHIM_RED_FORCE": 83,
  "TEAM_NRG": 84,
  "TEAM_NRG_Kia": 85,
  "TEAM_Natus_Vincere": 86,
  "TEAM_NongShim_REDFORCE": 87,
  "TEAM_OKSavingsBank_BRION": 88,
  "TEAM_Oh_My_God": 89,
  "TEAM_Pain_Gaming": 90,
  "TEAM_RED_Kalunga": 91,
  "TEAM_Rare_Atom": 92,
  "TEAM_Rogue": 93,
  "TEAM_Royal_Never_Give_Up": 94,
  "TEAM_SHANGHAI_EDWARD_GAMING_HYCAN": 95,
  "TEAM_SK_Gaming": 96,
  "TEAM_Shenzhen_NINJAS_IN_PYJAMAS": 97,
  "TEAM_Shopify_Rebellion": 98,
  "TEAM_Suzhou_LNG_Esports": 99,
  "TEAM_Suzhou_LNG_Ninebot_Esports": 100,
  "TEAM_T1": 101,
  "TEAM_TBD-1": 102,
  "TEAM_THUNDER_TALK_GAMING": 103,
  "TEAM_THUNDERTALKGAMING": 104,
  "TEAM_Team_BDS": 105,
  "TEAM_Team_Heretics": 106,
  "TEAM_Team_Liquid": 107,
  "TEAM_Team_Liquid_Honda": 108,
  "TEAM_Team_Vitality": 109,
  "TEAM_Top_Esports": 110,
  "TEAM_TopEsports": 111,
  "TEAM_Ultra_Prime": 112,
  "TEAM_Vivo_Keyd_Stars": 113,
  "TEAM_WeiboGaming_Faw_Audi": 114,
  "TEAM_WeiboGaming_TapTap": 115,
  "TEAM_Xi'an_Team_WE": 116,
  "PLAYER_113": 117,
  "PLAYER_1Jiang": 118,
  "PLAYER_1xn": 119,
  "PLAYER_369": 120,
  "PLAYER_5t5": 121,
  "PLAYER_APA": 122,
  "PLAYER_Abbedagge": 123,
  "PLAYER_Able": 124,
  "PLAYER_Ackerman": 125,
  "PLAYER_Adam": 126,
  "PLAYER_Aegis": 127,
  "PLAYER_Ahn": 128,
  "PLAYER_Aiming": 129,
  "PLAYER_Aki": 130,
  "PLAYER_Ale": 131,
  "PLAYER_Alvaro": 132,
  "PLAYER_Andil": 133,
  "PLAYER_Angel": 134,
  "PLAYER_Armao": 135,
  "PLAYER_Assum": 136,
  "PLAYER_Ayu": 137,
  "PLAYER_BJTest001": 138,
  "PLAYER_BJTest002": 139,
  "PLAYER_BJTest003": 140,
  "PLAYER_BJTest004": 141,
  "PLAYER_BJTest005": 142,
  "PLAYER_Baiye": 143,
  "PLAYER_Bdd": 144,
  "PLAYER_Beichuan": 145,
  "PLAYER_Berserker": 146,
  "PLAYER_BeryL": 147,
  "PLAYER_Bin": 148,
  "PLAYER_Blaber": 149,
  "PLAYER_Bo": 150,
  "PLAYER_Boal": 151,
  "PLAYER_Boukada": 152,
  "PLAYER_Brance": 153,
  "PLAYER_Breathe": 154,
  "PLAYER_BrokenBlade": 155,
  "PLAYER_BuLLDoG": 156,
  "PLAYER_Bugi": 157,
  "PLAYER_Bull": 158,
  "PLAYER_Burdol": 159,
  "PLAYER_Busio": 160,
  "PLAYER_Bvoy": 161,
  "PLAYER_Bwipo": 162,
  "PLAYER_Cabochard": 163,
  "PLAYER_Caliste": 164,
  "PLAYER_Calix": 165,
  "PLAYER_Callme": 166,
  "PLAYER_Canna": 167,
  "PLAYER_Canyon": 168,
  "PLAYER_Caps": 169,
  "PLAYER_Care": 170,
  "PLAYER_CarioK": 171,
  "PLAYER_Carlsen": 172,
  "PLAYER_Carzzy": 173,
  "PLAYER_Casting": 174,
  "PLAYER_Castle": 175,
  "PLAYER_Ceos": 176,
  "PLAYER_Chovy": 177,
  "PLAYER_Clear": 178,
  "PLAYER_Closer": 179,
  "PLAYER_Clozer": 180,
  "PLAYER_Comp": 181,
  "PLAYER_Contractz": 182,
  "PLAYER_CoreJJ": 183,
  "PLAYER_Creme": 184,
  "PLAYER_Crisp": 185,
  "PLAYER_Croco": 186,
  "PLAYER_Cryin": 187,
  "PLAYER_Cryin_": 188,
  "PLAYER_Cube": 189,
  "PLAYER_Cuzz": 190,
  "PLAYER_Czajek": 191,
  "PLAYER_DARKWINGS": 192,
  "PLAYER_DDoiV": 193,
  "PLAYER_DOOM": 194,
  "PLAYER_Daglas": 195,
  "PLAYER_Daystar": 196,
  "PLAYER_Deft": 197,
  "PLAYER_Delight": 198,
  "PLAYER_Dhokla": 199,
  "PLAYER_Diable": 200,
  "PLAYER_Disamis": 201,
  "PLAYER_DnDn": 202,
  "PLAYER_Doggo": 203,
  "PLAYER_Doinb": 204,
  "PLAYER_Doran": 205,
  "PLAYER_Doss": 206,
  "PLAYER_Dove": 207,
  "PLAYER_Drakehero": 208,
  "PLAYER_DuDu": 209,
  "PLAYER_Duro": 210,
  "PLAYER_Effort": 211,
  "PLAYER_Elk": 212,
  "PLAYER_Ellim": 213,
  "PLAYER_Elyoya": 214,
  "PLAYER_Envyy": 215,
  "PLAYER_Erha": 216,
  "PLAYER_Exakick": 217,
  "PLAYER_Execute": 218,
  "PLAYER_Eyla": 219,
  "PLAYER_FATE": 220,
  "PLAYER_FBI": 221,
  "PLAYER_FIESTA": 222,
  "PLAYER_FNC_Wunder": 223,
  "PLAYER_FakeGod": 224,
  "PLAYER_Faker": 225,
  "PLAYER_Feather": 226,
  "PLAYER_Finn": 227,
  "PLAYER_Fisher": 228,
  "PLAYER_Flakked": 229,
  "PLAYER_Flandre": 230,
  "PLAYER_Fleshy": 231,
  "PLAYER_FoFo": 232,
  "PLAYER_Fresskowy": 233,
  "PLAYER_Frog": 234,
  "PLAYER_Fudge": 235,
  "PLAYER_Fuuu": 236,
  "PLAYER_GALA": 237,
  "PLAYER_GIDEON": 238,
  "PLAYER_Gakgos": 239,
  "PLAYER_Ganks_": 240,
  "PLAYER_Geju": 241,
  "PLAYER_Grevthar": 242,
  "PLAYER_Gryffinn": 243,
  "PLAYER_GuGer": 244,
  "PLAYER_Guigo": 245,
  "PLAYER_Guigs": 246,
  "PLAYER_Gumayusi": 247,
  "PLAYER_Guwon": 248,
  "PLAYER_H4cker": 249,
  "PLAYER_HamBak": 250,
  "PLAYER_Hang": 251,
  "PLAYER_Hans_SamD": 252,
  "PLAYER_Hans_Sama": 253,
  "PLAYER_Hauz": 254,
  "PLAYER_Hena": 255,
  "PLAYER_Heng": 256,
  "PLAYER_Hery": 257,
  "PLAYER_Hidan": 258,
  "PLAYER_Hope": 259,
  "PLAYER_Hoya": 260,
  "PLAYER_Humanoid": 261,
  "PLAYER_Hylissang": 262,
  "PLAYER_Hype": 263,
  "PLAYER_ISMA": 264,
  "PLAYER_Ice": 265,
  "PLAYER_IgNar": 266,
  "PLAYER_Impact": 267,
  "PLAYER_Insanity": 268,
  "PLAYER_Inspired": 269,
  "PLAYER_Irrelevant": 270,
  "PLAYER_Isles": 271,
  "PLAYER_Isma": 272,
  "PLAYER_Iwandy": 273,
  "PLAYER_JNX": 274,
  "PLAYER_JackeyLove": 275,
  "PLAYER_Jackies": 276,
  "PLAYER_Jankos": 277,
  "PLAYER_Jensen": 278,
  "PLAYER_JeongHoon": 279,
  "PLAYER_JiaQi": 280,
  "PLAYER_Jiaqi": 281,
  "PLAYER_JieJie": 282,
  "PLAYER_Jiejie": 283,
  "PLAYER_Jinjiao": 284,
  "PLAYER_Jiwoo": 285,
  "PLAYER_JoJo": 286,
  "PLAYER_Jojopyun": 287,
  "PLAYER_Jool": 288,
  "PLAYER_Josedeodo": 289,
  "PLAYER_Juhan": 290,
  "PLAYER_Juice": 291,
  "PLAYER_Jun": 292,
  "PLAYER_Junhao": 293,
  "PLAYER_Jwei": 294,
  "PLAYER_KOI_Comp": 295,
  "PLAYER_Kael": 296,
  "PLAYER_Kaiser": 297,
  "PLAYER_Kamiloo": 298,
  "PLAYER_Kanavi": 299,
  "PLAYER_Karis": 300,
  "PLAYER_Kaze": 301,
  "PLAYER_Keduii": 302,
  "PLAYER_Keine": 303,
  "PLAYER_Kellin": 304,
  "PLAYER_Kepler": 305,
  "PLAYER_Keria": 306,
  "PLAYER_Kiin": 307,
  "PLAYER_Kingen": 308,
  "PLAYER_Kisee": 309,
  "PLAYER_Knight": 310,
  "PLAYER_Kuri": 311,
  "PLAYER_LGDBurdol": 312,
  "PLAYER_LGDJinjiao": 313,
  "PLAYER_LGDMeteor": 314,
  "PLAYER_LGDShaoye": 315,
  "PLAYER_LGDhaichao": 316,
  "PLAYER_LP": 317,
  "PLAYER_Labrov": 318,
  "PLAYER_Larssen": 319,
  "PLAYER_LazyFeel": 320,
  "PLAYER_Leaper": 321,
  "PLAYER_Leave": 322,
  "PLAYER_Lehends": 323,
  "PLAYER_Lele": 324,
  "PLAYER_Leyan": 325,
  "PLAYER_Leza": 326,
  "PLAYER_Licorice": 327,
  "PLAYER_Life": 328,
  "PLAYER_Light": 329,
  "PLAYER_Linfeng": 330,
  "PLAYER_Lira": 331,
  "PLAYER_Loki_": 332,
  "PLAYER_Loopy": 333,
  "PLAYER_Lot": 334,
  "PLAYER_Lucid": 335,
  "PLAYER_Luon": 336,
  "PLAYER_Lyncas": 337,
  "PLAYER_Lyonz": 338,
  "PLAYER_MISSING": 339,
  "PLAYER_Mago": 340,
  "PLAYER_Malrang": 341,
  "PLAYER_Mark": 342,
  "PLAYER_Markoon": 343,
  "PLAYER_Marvin": 344,
  "PLAYER_Mask": 345,
  "PLAYER_Massu": 346,
  "PLAYER_Meech": 347,
  "PLAYER_Meiko": 348,
  "PLAYER_Meteor": 349,
  "PLAYER_Mihile": 350,
  "PLAYER_Mikyx": 351,
  "PLAYER_Ming": 352,
  "PLAYER_Mireu": 353,
  "PLAYER_Moham": 354,
  "PLAYER_Monki": 355,
  "PLAYER_Morgan": 356,
  "PLAYER_Morttheus": 357,
  "PLAYER_Myrwn": 358,
  "PLAYER_Naak_Nako": 359,
  "PLAYER_Niket": 360,
  "PLAYER_Nisqy": 361,
  "PLAYER_Noah": 362,
  "PLAYER_ON": 363,
  "PLAYER_Oddielan": 364,
  "PLAYER_Odoamne": 365,
  "PLAYER_Olleh": 366,
  "PLAYER_Oner": 367,
  "PLAYER_Oscarinin": 368,
  "PLAYER_OvO": 369,
  "PLAYER_Paduck": 370,
  "PLAYER_Palafox": 371,
  "PLAYER_Parukia": 372,
  "PLAYER_Parus": 373,
  "PLAYER_Patrik": 374,
  "PLAYER_Peach": 375,
  "PLAYER_Peanut": 376,
  "PLAYER_PerfecT": 377,
  "PLAYER_Perkz": 378,
  "PLAYER_Peter": 379,
  "PLAYER_Peyz": 380,
  "PLAYER_Photic": 381,
  "PLAYER_Photon": 382,
  "PLAYER_Pleata": 383,
  "PLAYER_Poby": 384,
  "PLAYER_Pollu": 385,
  "PLAYER_ProDelta": 386,
  "PLAYER_Pullbae": 387,
  "PLAYER_Pungyeon": 388,
  "PLAYER_Pyosik": 389,
  "PLAYER_Qingtian": 390,
  "PLAYER_QiuQiu": 391,
  "PLAYER_Quad": 392,
  "PLAYER_Quantum": 393,
  "PLAYER_Quantum_": 394,
  "PLAYER_Quid": 395,
  "PLAYER_RKR": 396,
  "PLAYER_Rabelo": 397,
  "PLAYER_Rahel": 398,
  "PLAYER_Raptor": 399,
  "PLAYER_Rascal": 400,
  "PLAYER_Razork": 401,
  "PLAYER_RedBert": 402,
  "PLAYER_Rich": 403,
  "PLAYER_River": 404,
  "PLAYER_Roamer": 405,
  "PLAYER_Robo": 406,
  "PLAYER_Rookie": 407,
  "PLAYER_Rooster": 408,
  "PLAYER_Rosielove": 409,
  "PLAYER_Route": 410,
  "PLAYER_Ruler": 411,
  "PLAYER_SAKEN": 412,
  "PLAYER_SCARY": 413,
  "PLAYER_SHTest006": 414,
  "PLAYER_SHTest007": 415,
  "PLAYER_SHTest008": 416,
  "PLAYER_SHTest009": 417,
  "PLAYER_SHTest010": 418,
  "PLAYER_SK_Markoon": 419,
  "PLAYER_SORROW": 420,
  "PLAYER_Saber": 421,
  "PLAYER_Saint": 422,
  "PLAYER_Samver": 423,
  "PLAYER_Sasi": 424,
  "PLAYER_Sav1or": 425,
  "PLAYER_Scamber": 426,
  "PLAYER_ScaryJerry": 427,
  "PLAYER_Scout": 428,
  "PLAYER_SeTab": 429,
  "PLAYER_Shad0w": 430,
  "PLAYER_Shanks": 431,
  "PLAYER_Shaoye": 432,
  "PLAYER_Sheiden": 433,
  "PLAYER_Sheo": 434,
  "PLAYER_Shini": 435,
  "PLAYER_ShowMaker": 436,
  "PLAYER_Siwoo": 437,
  "PLAYER_Skeanz": 438,
  "PLAYER_SkewMond": 439,
  "PLAYER_Smash": 440,
  "PLAYER_Snaker": 441,
  "PLAYER_Sniper": 442,
  "PLAYER_Soboro": 443,
  "PLAYER_Solokill": 444,
  "PLAYER_Spica": 445,
  "PLAYER_Sponge": 446,
  "PLAYER_Srtty": 447,
  "PLAYER_Starry": 448,
  "PLAYER_Stend": 449,
  "PLAYER_Summit": 450,
  "PLAYER_Supa": 451,
  "PLAYER_Sylvie": 452,
  "PLAYER_Szygenda": 453,
  "PLAYER_TH_Flakked": 454,
  "PLAYER_Tactical": 455,
  "PLAYER_Taeyoon": 456,
  "PLAYER_Tangyuan": 457,
  "PLAYER_Targamas": 458,
  "PLAYER_Tarzan": 459,
  "PLAYER_Tatu": 460,
  "PLAYER_Teddy": 461,
  "PLAYER_Th3Antonio": 462,
  "PLAYER_Thanatos": 463,
  "PLAYER_Thayger": 464,
  "PLAYER_TheNiu": 465,
  "PLAYER_TheShy": 466,
  "PLAYER_Tian": 467,
  "PLAYER_Tianzhen": 468,
  "PLAYER_TitaN": 469,
  "PLAYER_Tomio": 470,
  "PLAYER_Tomo": 471,
  "PLAYER_TopLop": 472,
  "PLAYER_Trick": 473,
  "PLAYER_Trigger": 474,
  "PLAYER_Trymbi": 475,
  "PLAYER_Tutsz": 476,
  "PLAYER_Ucal": 477,
  "PLAYER_UmTi": 478,
  "PLAYER_Upset": 479,
  "PLAYER_VULCAN": 480,
  "PLAYER_Vampire": 481,
  "PLAYER_Vetheo": 482,
  "PLAYER_VicLa": 483,
  "PLAYER_Viper": 484,
  "PLAYER_Vladi": 485,
  "PLAYER_Vulcan": 486,
  "PLAYER_Wako": 487,
  "PLAYER_Way": 488,
  "PLAYER_Wayward": 489,
  "PLAYER_Wei": 490,
  "PLAYER_Weiwei": 491,
  "PLAYER_WildTurtle": 492,
  "PLAYER_Willer": 493,
  "PLAYER_Wink": 494,
  "PLAYER_Winkk": 495,
  "PLAYER_Winsome": 496,
  "PLAYER_Wiz": 497,
  "PLAYER_Wizer": 498,
  "PLAYER_Wunder": 499,
  "PLAYER_XBY": 500,
  "PLAYER_XBear": 501,
  "PLAYER_XUN": 502,
  "PLAYER_Xiaohao": 503,
  "PLAYER_Xiaohu": 504,
  "PLAYER_Xiaoxia": 505,
  "PLAYER_Xiaoxu": 506,
  "PLAYER_Xun": 507,
  "PLAYER_Xzz": 508,
  "PLAYER_YSKM": 509,
  "PLAYER_Yagao": 510,
  "PLAYER_Yampi": 511,
  "PLAYER_Yanxiang": 512,
  "PLAYER_Yayo": 513,
  "PLAYER_Ycx": 514,
  "PLAYER_Yeon": 515,
  "PLAYER_Yike": 516,
  "PLAYER_YoungJae": 517,
  "PLAYER_Yuekai": 518,
  "PLAYER_Yuuji": 519,
  "PLAYER_ZUIAN": 520,
  "PLAYER_Zamudo": 521,
  "PLAYER_Zdz": 522,
  "PLAYER_Zeka": 523,
  "PLAYER_Zeus": 524,
  "PLAYER_Zeyzal": 525,
  "PLAYER_Zhuo": 526,
  "PLAYER_Zika": 527,
  "PLAYER_Zoelys": 528,
  "PLAYER_Zoen": 529,
  "PLAYER_Zothve": 530,
  "PLAYER_Zven": 531,
  "PLAYER_Zwyroo": 532,
  "PLAYER_bat": 533,
  "PLAYER_beishang": 534,
  "PLAYER_ceo": 535,
  "PLAYER_charlotte": 536,
  "PLAYER_climber": 537,
  "PLAYER_cody": 538,
  "PLAYER_curty": 539,
  "PLAYER_deokdam": 540,
  "PLAYER_dyNquedo": 541,
  "PLAYER_eXyu": 542,
  "PLAYER_fNb": 543,
  "PLAYER_fishone": 544,
  "PLAYER_frostyy": 545,
  "PLAYER_glfs": 546,
  "PLAYER_haichao": 547,
  "PLAYER_huanfeng": 548,
  "PLAYER_huhi": 549,
  "PLAYER_iyy": 550,
  "PLAYER_jojopyun": 551,
  "PLAYER_knight": 552,
  "PLAYER_kyeahoo": 553,
  "PLAYER_milkyway": 554,
  "PLAYER_milkyyway": 555,
  "PLAYER_naiyou": 556,
  "PLAYER_neny": 557,
  "PLAYER_nuc": 558,
  "PLAYER_ppgod": 559,
  "PLAYER_shad0w": 560,
  "PLAYER_shanji": 561,
  "PLAYER_sheer": 562,
  "PLAYER_tinowns": 563,
  "PLAYER_vital": 564,
  "PLAYER_xiaofang": 565,
  "PLAYER_xiaohuangren": 566,
  "PLAYER_xiaolaohu": 567,
  "PLAYER_xqw": 568,
  "Aatrox": 569,
  "Ahri": 570,
  "Akali": 571,
  "Akshan": 572,
  "Alistar": 573,
  "Ambessa": 574,
  "Amumu": 575,
  "Anivia": 576,
  "Annie": 577,
  "Aphelios": 578,
  "Ashe": 579,
  "Aurelion Sol": 580,
  "Aurora": 581,
  "Azir": 582,
  "Bard": 583,
  "Bel'Veth": 584,
  "Blitzcrank": 585,
  "Brand": 586,
  "Braum": 587,
  "Briar": 588,
  "Caitlyn": 589,
  "Camille": 590,
  "Cassiopeia": 591,
  "Cho'Gath": 592,
  "Corki": 593,
  "Darius": 594,
  "Diana": 595,
  "Dr. Mundo": 596,
  "Draven": 597,
  "Ekko": 598,
  "Elise": 599,
  "Evelynn": 600,
  "Ezreal": 601,
  "Fiddlesticks": 602,
  "Fiora": 603,
  "Fizz": 604,
  "Galio": 605,
  "Gangplank": 606,
  "Garen": 607,
  "Gnar": 608,
  "Gragas": 609,
  "Graves": 610,
  "Gwen": 611,
  "Hecarim": 612,
  "Heimerdinger": 613,
  "Hwei": 614,
  "Illaoi": 615,
  "Irelia": 616,
  "Ivern": 617,
  "Janna": 618,
  "Jarvan IV": 619,
  "Jax": 620,
  "Jayce": 621,
  "Jhin": 622,
  "Jinx": 623,
  "K'Sante": 624,
  "Kai'Sa": 625,
  "Kalista": 626,
  "Karma": 627,
  "Karthus": 628,
  "Kassadin": 629,
  "Katarina": 630,
  "Kayle": 631,
  "Kayn": 632,
  "Kennen": 633,
  "Kha'Zix": 634,
  "Kindred": 635,
  "Kled": 636,
  "Kog'Maw": 637,
  "LeBlanc": 638,
  "Lee Sin": 639,
  "Leona": 640,
  "Lillia": 641,
  "Lissandra": 642,
  "Lucian": 643,
  "Lulu": 644,
  "Lux": 645,
  "Malphite": 646,
  "Malzahar": 647,
  "Maokai": 648,
  "Master Yi": 649,
  "Mel": 650,
  "Milio": 651,
  "Miss Fortune": 652,
  "Mordekaiser": 653,
  "Morgana": 654,
  "Naafiri": 655,
  "Nami": 656,
  "Nasus": 657,
  "Nautilus": 658,
  "Neeko": 659,
  "Nidalee": 660,
  "Nilah": 661,
  "Nocturne": 662,
  "Nunu & Willump": 663,
  "Olaf": 664,
  "Orianna": 665,
  "Ornn": 666,
  "Pantheon": 667,
  "Poppy": 668,
  "Pyke": 669,
  "Qiyana": 670,
  "Quinn": 671,
  "Rakan": 672,
  "Rammus": 673,
  "Rek'Sai": 674,
  "Rell": 675,
  "Renata Glasc": 676,
  "Renekton": 677,
  "Rengar": 678,
  "Riven": 679,
  "Rumble": 680,
  "Ryze": 681,
  "Samira": 682,
  "Sejuani": 683,
  "Senna": 684,
  "Seraphine": 685,
  "Sett": 686,
  "Shaco": 687,
  "Shen": 688,
  "Shyvana": 689,
  "Singed": 690,
  "Sion": 691,
  "Sivir": 692,
  "Skarner": 693,
  "Smolder": 694,
  "Sona": 695,
  "Soraka": 696,
  "Swain": 697,
  "Sylas": 698,
  "Syndra": 699,
  "Tahm Kench": 700,
  "Taliyah": 701,
  "Talon": 702,
  "Taric": 703,
  "Teemo": 704,
  "Thresh": 705,
  "Tristana": 706,
  "Trundle": 707,
  "Tryndamere": 708,
  "Twisted Fate": 709,
  "Twitch": 710,
  "Udyr": 711,
  "Urgot": 712,
  "Varus": 713,
  "Vayne": 714,
  "Veigar": 715,
  "Vel'Koz": 716,
  "Vex": 717,
  "Vi": 718,
  "Viego": 719,
  "Viktor": 720,
  "Vladimir": 721,
  "Volibear": 722,
  "Warwick": 723,
  "Wukong": 724,
  "Xayah": 725,
  "Xerath": 726,
  "Xin Zhao": 727,
  "Yasuo": 728,
  "Yone": 729,
  "Yorick": 730,
  "Yunara": 731,
  "Yuumi": 732,
  "Zaahen": 733,
  "Zac": 734,
  "Zed": 735,
  "Zeri": 736,
  "Ziggs": 737,
  "Zilean": 738,
  "Zoe": 739,
  "Zyra": 740
}