{
  "Aatrox": 53,
  "Ahri": 54,
  "Akali": 55,
  "Akshan": 56,
  "Alistar": 57,
  "Ambessa": 58,
  "Amumu": 59,
  "Anivia": 60,
  "Annie": 61,
  "Aphelios": 62,
  "Ashe": 63,
  "Aurelion Sol": 64,
  "Aurora": 65,
  "Azir": 66,
  "Bard": 67,
  "Bel'Veth": 68,
  "Blitzcrank": 69,
  "Brand": 70,
  "Braum": 71,
  "Briar": 72,
  "Caitlyn": 73,
  "Camille": 74,
  "Cassiopeia": 75,
  "Cho'Gath": 76,
  "Corki": 77,
  "Darius": 78,
  "Diana": 79,
  "Dr. Mundo": 80,
  "Draven": 81,
  "Ekko": 82,
  "Elise": 83,
  "Evelynn": 84,
  "Ezreal": 85,
  "Fiddlesticks": 86,
  "Fiora": 87,
  "Fizz": 88,
  "Galio": 89,
  "Gangplank": 90,
  "Garen": 91,
  "Gnar": 92,
  "Gragas": 93,
  "Graves": 94,
  "Gwen": 95,
  "Hecarim": 96,
  "Heimerdinger": 97,
  "Hwei": 98,
  "Illaoi": 99,
  "Irelia": 100,
  "Ivern": 101,
  "Janna": 102,
  "Jarvan IV": 103,
  "Jax": 104,
  "Jayce": 105,
  "Jhin": 106,
  "Jinx": 107,
  "K'Sante": 108,
  "Kai'Sa": 109,
  "Kalista": 110,
  "Karma": 111,
  "Karthus": 112,
  "Kassadin": 113,
  "Katarina": 114,
  "Kayle": 115,
  "Kayn": 116,
  "Kennen": 117,
  "Kha'Zix": 118,
  "Kindred": 119,
  "Kled": 120,
  "Kog'Maw": 121,
  "LeBlanc": 122,
  "Lee Sin": 123,
  "Leona": 124,
  "Lillia": 125,
  "Lissandra": 126,
  "Lucian": 127,
  "Lulu": 128,
  "Lux": 129,
  "Malphite": 130,
  "Malzahar": 131,
  "Maokai": 132,
  "Master Yi": 133,
  "Mel": 134,
  "Milio": 135,
  "Miss Fortune": 136,
  "Mordekaiser": 137,
  "Morgana": 138,
  "Naafiri": 139,
  "Nami": 140,
  "Nasus": 141,
  "Nautilus": 142,
  "Neeko": 143,
  "Nidalee": 144,
  "Nilah": 145,
  "Nocturne": 146,
  "Nunu & Willump": 147,
  "Olaf": 148,
  "Orianna": 149,
  "Ornn": 150,
  "Pantheon": 151,
  "Poppy": 152,
  "Pyke": 153,
  "Qiyana": 154,
  "Quinn": 155,
  "Rakan": 156,
  "Rammus": 157,
  "Rek'Sai": 158,
  "Rell": 159,
  "Renata Glasc": 160,
  "Renekton": 161,
  "Rengar": 162,
  "Riven": 163,
  "Rumble": 164,
  "Ryze": 165,
  "Samira": 166,
  "Sejuani": 167,
  "Senna": 168,
  "Seraphine": 169,
  "Sett": 170,
  "Shaco": 171,
  "Shen": 172,
  "Shyvana": 173,
  "Singed": 174,
  "Sion": 175,
  "Sivir": 176,
  "Skarner": 177,
  "Smolder": 178,
  "Sona": 179,
  "Soraka": 180,
  "Swain": 181,
  "Sylas": 182,
  "Syndra": 183,
  "Tahm Kench": 184,
  "Taliyah": 185,
  "Talon": 186,
  "Taric": 187,
  "Teemo": 188,
  "Thresh": 189,
  "Tristana": 190,
  "Trundle": 191,
  "Tryndamere": 192,
  "Twisted Fate": 193,
  "Twitch": 194,
  "Udyr": 195,
  "Urgot": 196,
  "Varus": 197,
  "Vayne": 198,
  "Veigar": 199,
  "Vel'Koz": 200,
  "Vex": 201,
  "Vi": 202,
  "Viego": 203,
  "Viktor": 204,
  "Vladimir": 205,
  "Volibear": 206,
  "Warwick": 207,
  "Wukong": 208,
  "Xayah": 209,
  "Xerath": 210,
  "Xin Zhao": 211,
  "Yasuo": 212,
  "Yone": 213,
  "Yorick": 214,
  "Yunara": 215,
  "Yuumi": 216,
  "Zaahen": 217,
  "Zac": 218,
  "Zed": 219,
  "Zeri": 220,
  "Ziggs": 221,
  "Zilean": 222,
  "Zoe": 223,
  "Zyra": 224
}