{
  "53": "Aatrox",
  "54": "Ahri",
  "55": "Akali",
  "56": "Akshan",
  "57": "Alistar",
  "58": "Ambessa",
  "59": "Amumu",
  "60": "Anivia",
  "61": "Annie",
  "62": "Aphelios",
  "63": "Ashe",
  "64": "Aurelion Sol",
  "65": "Aurora",
  "66": "Azir",
  "67": "Bard",
  "68": "Bel'Veth",
  "69": "Blitzcrank",
  "70": "Brand",
  "71": "Braum",
  "72": "Briar",
  "73": "Caitlyn",
  "74": "Camille",
  "75": "Cassiopeia",
  "76": "Cho'Gath",
  "77": "Corki",
  "78": "Darius",
  "79": "Diana",
  "80": "Dr. Mundo",
  "81": "Draven",
  "82": "Ekko",
  "83": "Elise",
  "84": "Evelynn",
  "85": "Ezreal",
  "86": "Fiddlesticks",
  "87": "Fiora",
  "88": "Fizz",
  "89": "Galio",
  "90": "Gangplank",
  "91": "Garen",
  "92": "Gnar",
  "93": "Gragas",
  "94": "Graves",
  "95": "Gwen",
  "96": "Hecarim",
  "97": "Heimerdinger",
  "98": "Hwei",
  "99": "Illaoi",
  "100": "Irelia",
  "101": "Ivern",
  "102": "Janna",
  "103": "Jarvan IV",
  "104": "Jax",
  "105": "Jayce",
  "106": "Jhin",
  "107": "Jinx",
  "108": "K'Sante",
  "109": "Kai'Sa",
  "110": "Kalista",
  "111": "Karma",
  "112": "Karthus",
  "113": "Kassadin",
  "114": "Katarina",
  "115": "Kayle",
  "116": "Kayn",
  "117": "Kennen",
  "118": "Kha'Zix",
  "119": "Kindred",
  "120": "Kled",
  "121": "Kog'Maw",
  "122": "LeBlanc",
  "123": "Lee Sin",
  "124": "Leona",
  "125": "Lillia",
  "126": "Lissandra",
  "127": "Lucian",
  "128": "Lulu",
  "129": "Lux",
  "130": "Malphite",
  "131": "Malzahar",
  "132": "Maokai",
  "133": "Master Yi",
  "134": "Mel",
  "135": "Milio",
  "136": "Miss Fortune",
  "137": "Mordekaiser",
  "138": "Morgana",
  "139": "Naafiri",
  "140": "Nami",
  "141": "Nasus",
  "142": "Nautilus",
  "143": "Neeko",
  "144": "Nidalee",
  "145": "Nilah",
  "146": "Nocturne",
  "147": "Nunu & Willump",
  "148": "Olaf",
  "149": "Orianna",
  "150": "Ornn",
  "151": "Pantheon",
  "152": "Poppy",
  "153": "Pyke",
  "154": "Qiyana",
  "155": "Quinn",
  "156": "Rakan",
  "157": "Rammus",
  "158": "Rek'Sai",
  "159": "Rell",
  "160": "Renata Glasc",
  "161": "Renekton",
  "162": "Rengar",
  "163": "Riven",
  "164": "Rumble",
  "165": "Ryze",
  "166": "Samira",
  "167": "Sejuani",
  "168": "Senna",
  "169": "Seraphine",
  "170": "Sett",
  "171": "Shaco",
  "172": "Shen",
  "173": "Shyvana",
  "174": "Singed",
  "175": "Sion",
  "176": "Sivir",
  "177": "Skarner",
  "178": "Smolder",
  "179": "Sona",
  "180": "Soraka",
  "181": "Swain",
  "182": "Sylas",
  "183": "Syndra",
  "184": "Tahm Kench",
  "185": "Taliyah",
  "186": "Talon",
  "187": "Taric",
  "188": "Teemo",
  "189": "Thresh",
  "190": "Tristana",
  "191": "Trundle",
  "192": "Tryndamere",
  "193": "Twisted Fate",
  "194": "Twitch",
  "195": "Udyr",
  "196": "Urgot",
  "197": "Varus",
  "198": "Vayne",
  "199": "Veigar",
  "200": "Vel'Koz",
  "201": "Vex",
  "202": "Vi",
  "203": "Viego",
  "204": "Viktor",
  "205": "Vladimir",
  "206": "Volibear",
  "207": "Warwick",
  "208": "Wukong",
  "209": "Xayah",
  "210": "Xerath",
  "211": "Xin Zhao",
  "212": "Yasuo",
  "213": "Yone",
  "214": "Yorick",
  "215": "Yunara",
  "216": "Yuumi",
  "217": "Zaahen",
  "218": "Zac",
  "219": "Zed",
  "220": "Zeri",
  "221": "Ziggs",
  "222": "Zilean",
  "223": "Zoe",
  "224": "Zyra"
}