{
    "Fighter": [
        "Aatrox",
        "Akali",
        "Ambessa",
        "Aurora",
        "Bel'Veth",
        "Blitzcrank",
        "Camille",
        "Darius",
        "Diana",
        "Dr. Mundo",
        "Fiora",
        "Gangplank",
        "Garen",
        "Gnar",
        "Gragas",
        "Hecarim",
        "Illaoi",
        "Irelia",
        "Jarvan IV",
        "Jax",
        "Kayle",
        "Kayn",
        "Kled",
        "Lee Sin",
        "Lillia",
        "Mordekaiser",
        "Nasus",
        "Nilah",
        "Nocturne",
        "Olaf",
        "Pantheon",
        "Quinn",
        "Riven",
        "Rumble",
        "Samira",
        "Sett",
        "Sylas",
        "Tryndamere",
        "Udyr",
        "Urgot",
        "Vi",
        "Viego",
        "Volibear",
        "Warwick",
        "Wukong",
        "Xin Zhao",
        "Yasuo",
        "Yone",
        "Yorick",
        "Zaahen"
    ],
    "Assassin": [
        "Aatrox",
        "Akali",
        "Ahri",
        "Akshan",
        "Elise",
        "Ekko",
        "Evelynn",
        "Fizz",
        "Kassadin",
        "Katarina",
        "Kha'Zix",
        "LeBlanc",
        "Master Yi",
        "Naafiri",
        "Nocturne",
        "Pyke",
        "Qiyana",
        "Rengar",
        "Shaco",
        "Talon",
        "Viego",
        "Zed"
    ],
    "Mage": [
        "Ahri",
        "Anivia",
        "Annie",
        "Aurelion Sol",
        "Aurora",
        "Azir",
        "Bard",
        "Brand",
        "Cassiopeia",
        "Cho'Gath",
        "Corki",
        "Fiddlesticks",
        "Gragas",
        "Heimerdinger",
        "Hwei",
        "Ivern",
        "Karma",
        "Karthus",
        "Kennen",
        "Lissandra",
        "Lux",
        "Malzahar",
        "Neeko",
        "Orianna",
        "Ryze",
        "Seraphine",
        "Syndra",
        "Swain",
        "Taliyah",
        "Twisted Fate",
        "Veigar",
        "Vel'Koz",
        "Vex",
        "Viktor",
        "Vladimir",
        "Xerath",
        "Ziggs",
        "Zoe",
        "Zyra"
    ],
    "Marksman": [
        "Aphelios",
        "Ashe",
        "Caitlyn",
        "Draven",
        "Ezreal",
        "Graves",
        "Jhin",
        "Jinx",
        "Kai'Sa",
        "Kalista",
        "Kindred",
        "Kog'Maw",
        "Lucian",
        "Miss Fortune",
        "Quinn",
        "Samira",
        "Senna",
        "Sivir",
        "Smolder",
        "Teemo",
        "Tristana",
        "Twitch",
        "Varus",
        "Vayne",
        "Xayah",
        "Zeri"
    ],
    "Support": [
        "Alistar",
        "Anivia",
        "Bard",
        "Ivern",
        "Janna",
        "Leona",
        "Lulu",
        "Milio",
        "Morgana",
        "Nami",
        "Pyke",
        "Rakan",
        "Renata Glasc",
        "Senna",
        "Seraphine",
        "Sona",
        "Soraka",
        "Taric",
        "Thresh",
        "Yuumi"
    ],
    "Tank": [
        "Alistar",
        "Amumu",
        "Braum",
        "Cho'Gath",
        "Galio",
        "K'Sante",
        "Leona",
        "Malphite",
        "Maokai",
        "Nautilus",
        "Ornn",
        "Poppy",
        "Rell",
        "Rammus",
        "Sejuani",
        "Shen",
        "Singed",
        "Sion",
        "Tahm Kench",
        "Zac"
    ]
}